﻿{"cameraMode":{"drawMode":0,"name":"Shaded","section":"Shading Mode"},"sceneLighting":true,"audioPlay":false,"sceneViewState":{"showFog":true,"showMaterialUpdate":false,"showSkybox":true,"showFlares":true,"showImageEffects":true,"showParticleSystems":true},"in2DMode":false,"pivot":{"x":-134.828125,"y":-54.634239196777347,"z":504.12042236328127},"rotation":{"x":-0.09800372272729874,"y":0.150176540017128,"z":-0.014988421462476254,"w":-0.9836755394935608},"size":721.4672241210938,"orthographic":false}