﻿{"cameraMode":{"drawMode":0,"name":"Shaded","section":"Shading Mode"},"sceneLighting":false,"audioPlay":false,"sceneViewState":{"showFog":true,"showMaterialUpdate":false,"showSkybox":false,"showFlares":true,"showImageEffects":true,"showParticleSystems":true},"in2DMode":false,"pivot":{"x":3.2113051414489748,"y":3.7255077362060549,"z":2.0976459980010988},"rotation":{"x":-0.16068312525749207,"y":0.16847099363803864,"z":-0.02784537896513939,"w":-0.9721230268478394},"size":6.441660404205322,"orthographic":false}