﻿{"cameraMode":{"drawMode":0,"name":"Shaded","section":"Shading Mode"},"sceneLighting":false,"audioPlay":false,"sceneViewState":{"showFog":true,"showMaterialUpdate":true,"showSkybox":false,"showFlares":true,"showImageEffects":true,"showParticleSystems":true},"in2DMode":false,"pivot":{"x":-2.75,"y":3.3399999141693117,"z":-5.039999961853027},"rotation":{"x":0.12894511222839356,"y":-0.008029359392821789,"z":0.0010444745421409608,"w":0.9916186928749085},"size":2.8578836917877199,"orthographic":false}